id,conversation_id,created_at,date,time,timezone,user_id,username,name,place,tweet,mentions,urls,photos,replies_count,retweets_count,likes_count,hashtags,cashtags,link,retweet,quote_url,video,near,geo,source,user_rt_id,user_rt,retweet_id,reply_to,retweet_date,translate,trans_src,trans_dest
1246002001881649153,1246002001881649153,1585905001000,2020-04-03,16:10:01,+07,710064166468341760,vietnamenglish,VnExpress,,Covid-19 demographics: majority of patients in Vietnam under 50  https://bit.ly/3bNXqq4Â ,[],['https://bit.ly/3bNXqq4'],[],0,0,3,[],[],https://twitter.com/vietnamenglish/status/1246002001881649153,False,,0,,"21.006111,105.843056,20km",,,,,"[{'user_id': '710064166468341760', 'username': 'vietnamenglish'}]",,,,
1246001175570165761,1246001175570165761,1585904804000,2020-04-03,16:06:44,+07,2601381283,yduocpasteur,TrÆ°á»ng Cao Ä‘áº³ng Y DÆ°á»£c Pasteur,,"Cáº­p nháº­t dá»‹ch COVID-19: Sá»‘ ca nhiá»…m trÃªn tháº¿ giá»›i vÆ°á»£t má»©c 1 triá»‡u
#COVID_19 http://ytevietnam.net.vn/cap-nhat-dich-covid-19-so-ca-nhiem-tren-the-gioi-vuot-muc-1-trieu-b2921v.htmlÂ â€¦",[],['http://ytevietnam.net.vn/cap-nhat-dich-covid-19-so-ca-nhiem-tren-the-gioi-vuot-muc-1-trieu-b2921v.html'],[],0,0,1,['#covid_19'],[],https://twitter.com/yduocpasteur/status/1246001175570165761,False,,0,,"21.006111,105.843056,20km",,,,,"[{'user_id': '2601381283', 'username': 'yduocpasteur'}]",,,,
1246001114421407744,1246001114421407744,1585904789000,2020-04-03,16:06:29,+07,2601381283,yduocpasteur,TrÆ°á»ng Cao Ä‘áº³ng Y DÆ°á»£c Pasteur,,"Bá»™ Y táº¿ khuyáº¿n cÃ¡o 3 khu vá»±c ngÆ°á»i dÃ¢n khÃ´ng nÃªn Ä‘i tá»›i Ä‘á»ƒ giáº£m nguy cÆ¡ máº¯c COVID-19
#COVID-19
 https://caodangyduochcm.edu.vn/bo-y-te-khuyen-cao-3-khu-vuc-nguoi-dan-khong-nen-di-toi-de-giam-nguy-co-mac-covid-19/Â â€¦",[],['https://caodangyduochcm.edu.vn/bo-y-te-khuyen-cao-3-khu-vuc-nguoi-dan-khong-nen-di-toi-de-giam-nguy-co-mac-covid-19/'],[],0,0,0,['#covid'],[],https://twitter.com/yduocpasteur/status/1246001114421407744,False,,0,,"21.006111,105.843056,20km",,,,,"[{'user_id': '2601381283', 'username': 'yduocpasteur'}]",,,,
1246001004891369472,1246001004891369472,1585904763000,2020-04-03,16:06:03,+07,2601381283,yduocpasteur,TrÆ°á»ng Cao Ä‘áº³ng Y DÆ°á»£c Pasteur,,"Má»¹ Ä‘áº­p tiá»n phÃ¡ giÃ¡ â€˜há»›t tay trÃªnâ€™ 60 triá»‡u kháº©u trang cá»§a PhÃ¡p Ä‘áº·t mua
#COVID_19 #khautrangyte http://caodangduochoc.edu.vn/my-dap-tien-pha-gia-hot-tay-tren-60-trieu-khau-trang-cua-phap-dat-mua.htmlÂ â€¦",[],['http://caodangduochoc.edu.vn/my-dap-tien-pha-gia-hot-tay-tren-60-trieu-khau-trang-cua-phap-dat-mua.html'],[],0,0,0,"['#covid_19', '#khautrangyte']",[],https://twitter.com/yduocpasteur/status/1246001004891369472,False,,0,,"21.006111,105.843056,20km",,,,,"[{'user_id': '2601381283', 'username': 'yduocpasteur'}]",,,,
1246000229943410693,1246000229943410693,1585904579000,2020-04-03,16:02:59,+07,833591103529955330,dn_viet,Doanh Nghiá»‡p Viá»‡t,,"Giáº£m ngay 1 triá»‡u khi doanh nghiá»‡p Ä‘Äƒng kÃ½ tÆ° váº¥n chá»©ng chá»‰ nÄƒng lá»±c Ä‘á»£t dá»‹ch Covid/ Click Ä‘Äƒng kÃ½ 
 https://vietcompany.vn/dich-vu-tu-van-cap-chung-chi-nang-luc-to-chuc-quan-ly-du-an.htmlÂ â€¦
#Chungchinangluc pic.twitter.com/sQ8nRLQZPF",[],['https://vietcompany.vn/dich-vu-tu-van-cap-chung-chi-nang-luc-to-chuc-quan-ly-du-an.html'],['https://pbs.twimg.com/media/EUqukoIU8AErsdJ.jpg'],0,0,1,['#chungchinangluc'],[],https://twitter.com/DN_Viet/status/1246000229943410693,False,,0,,"21.006111,105.843056,20km",,,,,"[{'user_id': '833591103529955330', 'username': 'DN_Viet'}]",,,,
1245994531213807616,1245994531213807616,1585903220000,2020-04-03,15:40:20,+07,710064166468341760,vietnamenglish,VnExpress,,"10,000 Vietnam Airlines staff take unpaid leave over Covid-19 crisis  https://bit.ly/2X1sMFLÂ ",[],['https://bit.ly/2X1sMFL'],[],0,1,2,[],[],https://twitter.com/vietnamenglish/status/1245994531213807616,False,,0,,"21.006111,105.843056,20km",,,,,"[{'user_id': '710064166468341760', 'username': 'vietnamenglish'}]",,,,
1245994251739160578,1245994251739160578,1585903153000,2020-04-03,15:39:13,+07,1238469839355666433,batdongsan29,BÄS HÆ°ng Thá»‹nh,,Æ¯u Ä‘Ã£i siÃªu khá»§ng dÃ nh cho 27 khÃ¡ch hÃ ng mua nhÃ  mÃ¹a Covid 19  https://ift.tt/3bK3kIXÂ ,[],['https://ift.tt/3bK3kIX'],[],0,0,0,[],[],https://twitter.com/batdongsan29/status/1245994251739160578,False,,0,,"21.006111,105.843056,20km",,,,,"[{'user_id': '1238469839355666433', 'username': 'batdongsan29'}]",,,,
1245991352434864128,1245991352434864128,1585902462000,2020-04-03,15:27:42,+07,962891449594298368,giavangn,Giavang.net,,COVID-19 gÃ¢y thiá»‡t háº¡i tá»›i 4.100 tá»· USD  https://giavang.net/covid-19-gay-thiet-hai-toi-4-100-ty-usd/Â â€¦,[],['https://giavang.net/covid-19-gay-thiet-hai-toi-4-100-ty-usd/'],[],0,0,0,[],[],https://twitter.com/GiavangN/status/1245991352434864128,False,,0,,"21.006111,105.843056,20km",,,,,"[{'user_id': '962891449594298368', 'username': 'GiavangN'}]",,,,
1245991070137118720,1245991070137118720,1585902395000,2020-04-03,15:26:35,+07,902428327989846016,evaxinhspa,Há»c viá»‡n tháº©m má»¹ Eva xinh,,CÃ¹ng lÃ m nail hÆ°á»Ÿng á»©ng cá»™ng Ä‘á»“ng Ä‘áº©y lÃ¹i Ä‘áº¡i dá»‹ch Covid-19 | Há»c nail o...  https://youtu.be/Rka_6y_JC0MÂ  qua @YouTube,['youtube'],['https://youtu.be/Rka_6y_JC0M'],[],0,0,0,[],[],https://twitter.com/evaxinhspa/status/1245991070137118720,False,,0,,"21.006111,105.843056,20km",,,,,"[{'user_id': '902428327989846016', 'username': 'evaxinhspa'}, {'user_id': '10228272', 'username': 'YouTube'}]",,,,
1245987159267475457,1245987159267475457,1585901462000,2020-04-03,15:11:02,+07,962891449594298368,giavangn,Giavang.net,,Triá»u TiÃªn â€˜miá»…n nhiá»…mâ€™ vá»›i Covid 19  https://giavang.net/trieu-tien-mien-nhiem-voi-covid-19/Â â€¦,[],['https://giavang.net/trieu-tien-mien-nhiem-voi-covid-19/'],[],0,0,0,[],[],https://twitter.com/GiavangN/status/1245987159267475457,False,,0,,"21.006111,105.843056,20km",,,,,"[{'user_id': '962891449594298368', 'username': 'GiavangN'}]",,,,
1245985131891847170,1245985131891847170,1585900979000,2020-04-03,15:02:59,+07,930277628837167104,hanoimetro,Hanoi Metro,,"#Hanoi temporarily suspended construction of #Metro Line 3, Section Nhon - Hanoi Station due to Covid-19 pandemic
Hanoi Metro will continue to keep our audience updated when there is further information.  pic.twitter.com/ZLJt9RjizW",[],[],['https://pbs.twimg.com/media/EUqgs0kUEAElCBt.jpg'],0,2,1,"['#hanoi', '#metro']",[],https://twitter.com/HanoiMetro/status/1245985131891847170,False,,0,,"21.006111,105.843056,20km",,,,,"[{'user_id': '930277628837167104', 'username': 'HanoiMetro'}]",,,,
1245984477492293633,1245984477492293633,1585900823000,2020-04-03,15:00:23,+07,1211413953495982082,honggangpang,PANGPANGPANG,,"CCP created Covid-19, slaughtered tens of thousands of lives around the world, but blamed ordinary people for eating bats.  https://twitter.com/dw_chinese/status/1245961719425490945Â â€¦",[],['https://twitter.com/dw_chinese/status/1245961719425490945'],[],0,0,0,[],[],https://twitter.com/honggangpang/status/1245984477492293633,False,https://twitter.com/dw_chinese/status/1245961719425490945,0,,"21.006111,105.843056,20km",,,,,"[{'user_id': '1211413953495982082', 'username': 'honggangpang'}]",,,,
1245984423482257408,1245984423482257408,1585900810000,2020-04-03,15:00:10,+07,1211413953495982082,honggangpang,PANGPANGPANG,,"CCP created Covid-19, slaughtered tens of thousands of lives around the world, but blamed ordinary people for eating bats.  https://twitter.com/5xyxh/status/1245925671940919297Â â€¦",[],['https://twitter.com/5xyxh/status/1245925671940919297'],[],0,0,0,[],[],https://twitter.com/honggangpang/status/1245984423482257408,False,https://twitter.com/5xyxh/status/1245925671940919297,0,,"21.006111,105.843056,20km",,,,,"[{'user_id': '1211413953495982082', 'username': 'honggangpang'}]",,,,
1245982627095433216,1245982627095433216,1585900382000,2020-04-03,14:53:02,+07,762474136413188097,thuank51cc,thuank51cc,," http://Terbaiknews.netÂ  LIVE STREAMING: Update Covid-19 Kamis, 2 April 2020: ...  http://dlvr.it/RT58x1Â  Berita hari ini",[],"['http://Terbaiknews.net', 'http://dlvr.it/RT58x1']",[],0,0,0,[],[],https://twitter.com/thuank51cc/status/1245982627095433216,False,,0,,"21.006111,105.843056,20km",,,,,"[{'user_id': '762474136413188097', 'username': 'thuank51cc'}]",,,,
1245982625967161350,1245982625967161350,1585900381000,2020-04-03,14:53:01,+07,762474136413188097,thuank51cc,thuank51cc,," http://Terbaiknews.netÂ  Lakukan 5 Hal Ini Agar Tidak Terinfeksi Virus Corona: Jakarta, CNBC Indonesia - Virus corona COVID-19 kini telah menjadi pandemi yang menyebar ke hampir...  http://dlvr.it/RT58wzÂ  Berita hari ini",[],"['http://Terbaiknews.net', 'http://dlvr.it/RT58wz']",[],0,0,0,[],[],https://twitter.com/thuank51cc/status/1245982625967161350,False,,0,,"21.006111,105.843056,20km",,,,,"[{'user_id': '762474136413188097', 'username': 'thuank51cc'}]",,,,
1245975612000436224,1245975612000436224,1585898709000,2020-04-03,14:25:09,+07,2158122848,forseoerpro,For SEOer Pro,,Ná»—i lo cá»§a ngÆ°á»i Viá»‡t á»Ÿ Nga giá»¯a mÃ¹a Ä‘áº¡i dá»‹ch Covid-19  https://ift.tt/3482V0iÂ ,[],['https://ift.tt/3482V0i'],[],0,0,0,[],[],https://twitter.com/ForSEOerPro/status/1245975612000436224,False,,0,,"21.006111,105.843056,20km",,,,,"[{'user_id': '2158122848', 'username': 'ForSEOerPro'}]",,,,
1245975608380788737,1245975608380788737,1585898708000,2020-04-03,14:25:08,+07,2158122848,forseoerpro,For SEOer Pro,,HÃ  Lan: Xáº¿p hÃ ng mua cáº§n sa trÆ°á»›c lá»‡nh Ä‘Ã³ng cá»­a khu Äƒn chÆ¡i vÃ¬ Covid 19  https://ift.tt/39KTtBnÂ ,[],['https://ift.tt/39KTtBn'],[],0,0,0,[],[],https://twitter.com/ForSEOerPro/status/1245975608380788737,False,,0,,"21.006111,105.843056,20km",,,,,"[{'user_id': '2158122848', 'username': 'ForSEOerPro'}]",,,,
1245970354746593280,1245970354746593280,1585897456000,2020-04-03,14:04:16,+07,1172578082919575553,timxe_net,TimXe.Net,,"Ford, Nissan, Honda miá»…n giáº£m tiá»n cho khÃ¡ch thá»i COVID-19  https://ift.tt/2R8jR1hÂ ",[],['https://ift.tt/2R8jR1h'],[],0,0,0,[],[],https://twitter.com/timxe_net/status/1245970354746593280,False,,0,,"21.006111,105.843056,20km",,,,,"[{'user_id': '1172578082919575553', 'username': 'timxe_net'}]",,,,
1245970317413138433,1245970317413138433,1585897447000,2020-04-03,14:04:07,+07,1172578082919575553,timxe_net,TimXe.Net,,"Ford, Honda, Toyota vÃ  Hyundai táº¡m dá»«ng hoáº¡t Ä‘á»™ng nhÃ  mÃ¡y táº¡i Viá»‡t Nam do dá»‹ch Covid-19  https://ift.tt/3bO8BiMÂ ",[],['https://ift.tt/3bO8BiM'],[],0,0,0,[],[],https://twitter.com/timxe_net/status/1245970317413138433,False,,0,,"21.006111,105.843056,20km",,,,,"[{'user_id': '1172578082919575553', 'username': 'timxe_net'}]",,,,
1245967580814163968,1245921937580101632,1585896794000,2020-04-03,13:53:14,+07,828434389268705281,greenislandtter,Nguyen Thu Thuy,,Still starting in Covid time?,['goaheadsg'],[],[],0,0,0,[],[],https://twitter.com/Greenislandtter/status/1245967580814163968,False,,0,,"21.006111,105.843056,20km",,,,,"[{'user_id': '828434389268705281', 'username': 'Greenislandtter'}, {'user_id': '4285976127', 'username': 'GoAheadSG'}]",,,,
1245961027419688960,1245961027419688960,1585895232000,2020-04-03,13:27:12,+07,935038469864169472,vietnamcredit_,VietnamCredit - The Cafeâ‚¬redit News,,M&A: Vietnamese businesses being acquired amid Covid-19 crisis  https://ift.tt/2R4jBQPÂ ,[],['https://ift.tt/2R4jBQP'],[],0,0,0,[],[],https://twitter.com/vietnamcredit_/status/1245961027419688960,False,,0,,"21.006111,105.843056,20km",,,,,"[{'user_id': '935038469864169472', 'username': 'vietnamcredit_'}]",,,,
1245959609883357185,1245959609883357185,1585894894000,2020-04-03,13:21:34,+07,3031943085,italyinvietnam,Italy in Vietnam,Ministry Of Public Security,Incontro al Ministero della Pubblica Sicurezza sulla lotta al Covid-19. SolidarietÃ  per lâ€™Italia e aiuti concreti alle nostre forze dell'ordine dal Ministro To Lam. Grazie di cuore agli amici vietnamiti. â¤ï¸ğŸ‡®ğŸ‡¹ğŸ¤ğŸ‡»ğŸ‡³  pic.twitter.com/eTgiG3qsqG â€“ at Ministry Of Public Security,[],[],['https://pbs.twimg.com/media/EUqJoiOUwAEzlan.jpg'],0,0,6,[],[],https://twitter.com/ItalyinVietnam/status/1245959609883357185,False,,0,,"21.006111,105.843056,20km",,,,,"[{'user_id': '3031943085', 'username': 'ItalyinVietnam'}]",,,,
1245958034540490753,1245949856352477184,1585894518000,2020-04-03,13:15:18,+07,3681278592,vuongqh,Hoang Vuong,,"Hahaha you mean ""finally yours is Covid-related. Congrat"", correct?",['odedrechavi'],[],[],0,0,1,[],[],https://twitter.com/vuongqh/status/1245958034540490753,False,,0,,"21.006111,105.843056,20km",,,,,"[{'user_id': '3681278592', 'username': 'vuongqh'}, {'user_id': '702785870710095872', 'username': 'OdedRechavi'}]",,,,
1245953575114567680,1245953575114567680,1585893455000,2020-04-03,12:57:35,+07,710064166468341760,vietnamenglish,VnExpress,,Vietnam discharges Covid-19 â€˜super spreaderâ€™  https://bit.ly/2UWByCeÂ ,[],['https://bit.ly/2UWByCe'],[],0,0,1,[],[],https://twitter.com/vietnamenglish/status/1245953575114567680,False,,0,,"21.006111,105.843056,20km",,,,,"[{'user_id': '710064166468341760', 'username': 'vietnamenglish'}]",,,,
1245946987305811969,1245946987305811969,1585891885000,2020-04-03,12:31:25,+07,1069437355499483142,3dshopv,3Dshop Vietnam,,"Cháº¿ táº¡o mÃ¡y trá»£ thá»Ÿ cho bá»‡nh nhÃ¢n Covid-19 báº±ng cÃ´ng nghá»‡ 3D
>>>  https://smartdesignlabs.com/vi/che-tao-may-tro-tho-cho-benh-nhan-covid-19-bang-cong-nghe-3d/Â â€¦ pic.twitter.com/LfwF6nx1nb",[],['https://smartdesignlabs.com/vi/che-tao-may-tro-tho-cho-benh-nhan-covid-19-bang-cong-nghe-3d/'],['https://pbs.twimg.com/media/EUp-LAtUMAA0mwK.jpg'],0,0,0,[],[],https://twitter.com/3dshopV/status/1245946987305811969,False,,0,,"21.006111,105.843056,20km",,,,,"[{'user_id': '1069437355499483142', 'username': '3dshopV'}]",,,,
1245945932686004224,1245945932686004224,1585891633000,2020-04-03,12:27:13,+07,935038469864169472,vietnamcredit_,VietnamCredit - The Cafeâ‚¬redit News,,COVID-19 and the chance to promote agriculture digitalization  https://ift.tt/2X94o4XÂ ,[],['https://ift.tt/2X94o4X'],[],0,0,0,[],[],https://twitter.com/vietnamcredit_/status/1245945932686004224,False,,0,,"21.006111,105.843056,20km",,,,,"[{'user_id': '935038469864169472', 'username': 'vietnamcredit_'}]",,,,
1245945930882396160,1245945930882396160,1585891633000,2020-04-03,12:27:13,+07,935038469864169472,vietnamcredit_,VietnamCredit - The Cafeâ‚¬redit News,,What Vietnamese enterprises should care about in exporting goods to China amidst COVID-19  https://ift.tt/2V3YWOmÂ ,[],['https://ift.tt/2V3YWOm'],[],0,0,0,[],[],https://twitter.com/vietnamcredit_/status/1245945930882396160,False,,0,,"21.006111,105.843056,20km",,,,,"[{'user_id': '935038469864169472', 'username': 'vietnamcredit_'}]",,,,
1245944700827131906,1245943359606272000,1585891339000,2020-04-03,12:22:19,+07,971409649223196672,debdeb7272,Debbie Souza,,"Lots of services are being shut down due to COVID-19, family planning just happens to be one of many.","['sanchika_gupta', 'guardian']",[],[],0,0,0,[],[],https://twitter.com/debdeb7272/status/1245944700827131906,False,,0,,"21.006111,105.843056,20km",,,,,"[{'user_id': '971409649223196672', 'username': 'debdeb7272'}, {'user_id': '879284522692468736', 'username': 'sanchika_gupta'}, {'user_id': '87818409', 'username': 'guardian'}]",,,,
1245937731349303296,1245937731349303296,1585889678000,2020-04-03,11:54:38,+07,251575227,mobi580,ãƒãƒã‚¤ã®ç©ºã‹ã‚‰ä»Šæ—¥ã¯,,"ãƒ™ãƒˆãƒŠãƒ ã«ãŠã‘ã‚‹COVID-19ã«ã‚ˆã‚‹æ­»è€…ã¯ä»Šã®ã¨ã“ã‚0åã€‚
åŒ»ç™‚ãƒªã‚½ãƒ¼ã‚¹ãŒé™ã‚‰ã‚Œã€å¿…ãšã—ã‚‚åŒ»ç™‚æ°´æº–ãŒé«˜ããªã„çŠ¶æ³ã§éå¸¸ã«é ‘å¼µã£ã¦ã„ã‚‹ã€‚ãŸã ã€é™¢å†…æ„ŸæŸ“ãŒç–‘ã‚ã‚Œã‚‹åŒ»ç™‚å¾“äº‹è€…ã®æ„ŸæŸ“ã‚‚ç™ºç”Ÿã—ã¦ã„ã‚‹ã®ã§ã€ãã‚Œãã‚Œã‚‚æ³¨æ„ã—ã¦è·å‹™ã«å½“ãŸã£ã¦æ¬²ã—ã„ã§ã™ã­ã€‚",[],[],[],0,0,0,[],[],https://twitter.com/mobi580/status/1245937731349303296,False,,0,,"21.006111,105.843056,20km",,,,,"[{'user_id': '251575227', 'username': 'mobi580'}]",,,,
1245933441079623681,1245933441079623681,1585888655000,2020-04-03,11:37:35,+07,251575227,mobi580,ãƒãƒã‚¤ã®ç©ºã‹ã‚‰ä»Šæ—¥ã¯,,"ãƒ™ãƒˆãƒŠãƒ ã®COVID-19å¯¾ç­–ã¯ã€æ„ŸæŸ“çµŒè·¯ã®ç¢ºèªã¨å°è¦æ¨¡åŒºç”»ã®éš”é›¢ã§ã‚„ã£ã¦ãŸã‚“ã ã‘ã©ã€ç—…é™¢ã§ã‚¯ãƒ©ã‚¹ã‚¿ãƒ¼æ„ŸæŸ“ãŒç™ºç”Ÿã—ãŸã“ã¨ã§ã€ä¸€æ­©é€²ã‚“ã å¯¾å¿œã«ãªã£ãŸã€‚
æ—¥æœ¬ã¨æ¯”ã¹æ„ŸæŸ“è€…æ•°ãŒãšã£ã¨å°‘ãªã„ã‘ã©ã€åŒ»ç™‚ãƒªã‚½ãƒ¼ã‚¹ãŒæ¡é•ã„ã«å°‘ãªã„ã®ã§ã€æ—©ã‚ã®æªç½®ã«ãªã‚‹ã‚“ã ã¨æ€ã†ã€‚",[],[],[],0,0,0,[],[],https://twitter.com/mobi580/status/1245933441079623681,False,,0,,"21.006111,105.843056,20km",,,,,"[{'user_id': '251575227', 'username': 'mobi580'}]",,,,
1245930644732960772,1245930644732960772,1585887988000,2020-04-03,11:26:28,+07,854174325267496960,tongdai3,tongdai,,"Tá»•ng Ä‘Ã i áº¢o con Ä‘Æ°á»ng ""sá»‘ng"" cho doanh nghiá»‡p lÃ m viá»‡c táº¡i nhÃ  thá»i COVID  https://giaiphapcloudpbx.com/tong-dai-ao-con-duong-song-cho-doanh-nghiep-thoi-covid.html#.Xoa67hE23rQ.twitterÂ â€¦",[],['https://giaiphapcloudpbx.com/tong-dai-ao-con-duong-song-cho-doanh-nghiep-thoi-covid.html#.Xoa67hE23rQ.twitter'],[],0,0,0,[],[],https://twitter.com/tongdai3/status/1245930644732960772,False,,0,,"21.006111,105.843056,20km",,,,,"[{'user_id': '854174325267496960', 'username': 'tongdai3'}]",,,,
1245929407891603456,1245929407891603456,1585887693000,2020-04-03,11:21:33,+07,719455299929636864,tuanviet6268,Tuáº¥n Viá»‡t,,Äi trá»‘n em Covid ... ğŸ¤ªğŸ¤ªğŸ¤ª táº¡i Phá»‘ NÃºi TÃ¬nh YÃªu Má»™c ChÃ¢u  https://www.instagram.com/p/B-gU9Qij_op/?igshid=ivyaesht4p52Â â€¦,[],['https://www.instagram.com/p/B-gU9Qij_op/?igshid=ivyaesht4p52'],[],0,0,0,[],[],https://twitter.com/tuanviet6268/status/1245929407891603456,False,,0,,"21.006111,105.843056,20km",,,,,"[{'user_id': '719455299929636864', 'username': 'tuanviet6268'}]",,,,
1245927859652198405,1245927859652198405,1585887324000,2020-04-03,11:15:24,+07,895240955795709952,thannong_net,Dung Phung,,LIVE  âš¡ Cáº­p nháº­t toÃ n cáº§u dá»‹ch cÃºm COVID-19 ngÃ y 03/04/2020  https://thannong.net/báº£n-tin/cá»™ng-Ä‘á»“ng/sá»©c-khá»e/dá»‹ch-cÃºm-virus-corona/2460-live-Â â€¦âš¡-cáº­p-nháº­t-toÃ n-cáº§u-dá»‹ch-cÃºm-covid-19-ngÃ y-03-04-2020,[],['https://thannong.net/báº£n-tin/cá»™ng-Ä‘á»“ng/sá»©c-khá»e/dá»‹ch-cÃºm-virus-corona/2460-live-'],[],0,0,0,[],[],https://twitter.com/thannong_net/status/1245927859652198405,False,,0,,"21.006111,105.843056,20km",,,,,"[{'user_id': '895240955795709952', 'username': 'thannong_net'}]",,,,
1245921648110260224,1245921648110260224,1585885843000,2020-04-03,10:50:43,+07,1128492254325137408,ndandigital,El Pueblo Digital,,"Carta de gratitud de turistas irlandeses: impresionantes medidas preventivas contra Covid-19 en Vietnam #coronavirus #COVID19 #WuhanVirus
 https://es.nhandan.com.vn/sociedad/item/1242580-carta-de-gratitud-de-turistas-irlandeses-impresionantes-medidas-preventivas-contra-covid-19-en-vietnam.htmlÂ â€¦ pic.twitter.com/FR4KCQbfYN",[],['https://es.nhandan.com.vn/sociedad/item/1242580-carta-de-gratitud-de-turistas-irlandeses-impresionantes-medidas-preventivas-contra-covid-19-en-vietnam.html'],['https://pbs.twimg.com/media/EUpnIFTUUAAw_pm.jpg'],0,1,0,"['#coronavirus', '#covid19', '#wuhanvirus']",[],https://twitter.com/NDandigital/status/1245921648110260224,False,,0,,"21.006111,105.843056,20km",,,,,"[{'user_id': '1128492254325137408', 'username': 'NDandigital'}]",,,,
1245921360909500418,1245921360909500418,1585885775000,2020-04-03,10:49:35,+07,1128492254325137408,ndandigital,El Pueblo Digital,,"Un niÃ±o britÃ¡nico de origen vietnamita infectado por  Covid-19, se curÃ³ hoy tras 18 dÃ­as de tratamiento 
 https://es.nhandan.com.vn/sociedad/salud-medio-ambiente/item/1242680-se-recuperan-niÃ±o-britanico-vietnamita-del-covid-19.htmlÂ â€¦ pic.twitter.com/Y5ZlXecvbW",[],['https://es.nhandan.com.vn/sociedad/salud-medio-ambiente/item/1242680-se-recuperan-niÃ±o-britanico-vietnamita-del-covid-19.html'],['https://pbs.twimg.com/media/EUpm2yFUwAcCQLa.jpg'],0,2,0,[],[],https://twitter.com/NDandigital/status/1245921360909500418,False,,0,,"21.006111,105.843056,20km",,,,,"[{'user_id': '1128492254325137408', 'username': 'NDandigital'}]",,,,
1245921144047198214,1245921144047198214,1585885723000,2020-04-03,10:48:43,+07,1128492254325137408,ndandigital,El Pueblo Digital,,"La rÃ¡pida respuesta del gobierno y la alta conciencia del pÃºblico son algunas razones del Ã©xito de Vietnam en la lucha contra Covid-19, segÃºn el periÃ³dico alemÃ¡n Frankfurter Allgemeine Zeitung (FAZ). #coronavirus #COVID19 #WuhanVirus pic.twitter.com/KIZrKSebYK",[],[],['https://pbs.twimg.com/media/EUpmrA-U4AMiAQ9.jpg'],0,1,0,"['#coronavirus', '#covid19', '#wuhanvirus']",[],https://twitter.com/NDandigital/status/1245921144047198214,False,,0,,"21.006111,105.843056,20km",,,,,"[{'user_id': '1128492254325137408', 'username': 'NDandigital'}]",,,,
1245920866858201089,1245920866858201089,1585885657000,2020-04-03,10:47:37,+07,1128492254325137408,ndandigital,El Pueblo Digital,,"Radio rusa elogia la pronta respuesta de Vietnam a COVID-19 #coronavirus #WuhanVirus #COVID19
 https://es.nhandan.com.vn/internacional/item/1243280-radio-rusa-elogia-la-pronta-respuesta-de-vietnam-a-covid-19.htmlÂ â€¦ pic.twitter.com/Er66mBocq8",[],['https://es.nhandan.com.vn/internacional/item/1243280-radio-rusa-elogia-la-pronta-respuesta-de-vietnam-a-covid-19.html'],['https://pbs.twimg.com/media/EUpma2jVAAELGvp.jpg'],0,2,1,"['#coronavirus', '#wuhanvirus', '#covid19']",[],https://twitter.com/NDandigital/status/1245920866858201089,False,,0,,"21.006111,105.843056,20km",,,,,"[{'user_id': '1128492254325137408', 'username': 'NDandigital'}]",,,,
1245917805293133834,1245917805293133834,1585884927000,2020-04-03,10:35:27,+07,710064166468341760,vietnamenglish,VnExpress,,Government considers 10 pct power price discount to ease Covid-19 pains  https://bit.ly/2X2h3XnÂ ,[],['https://bit.ly/2X2h3Xn'],[],0,0,3,[],[],https://twitter.com/vietnamenglish/status/1245917805293133834,False,,0,,"21.006111,105.843056,20km",,,,,"[{'user_id': '710064166468341760', 'username': 'vietnamenglish'}]",,,,
1245917695683354629,1245917695683354629,1585884901000,2020-04-03,10:35:01,+07,710064166468341760,vietnamenglish,VnExpress,,Vietnam mulls $2.6 billion support package to mitigate Covid-19 fallout  https://bit.ly/2UU8mf5Â ,[],['https://bit.ly/2UU8mf5'],[],0,1,5,[],[],https://twitter.com/vietnamenglish/status/1245917695683354629,False,,0,,"21.006111,105.843056,20km",,,,,"[{'user_id': '710064166468341760', 'username': 'vietnamenglish'}]",,,,
1245917590607691779,1245917590607691779,1585884876000,2020-04-03,10:34:36,+07,710064166468341760,vietnamenglish,VnExpress,,Covid-19 impact: HCMC apartment sales plummets  https://bit.ly/3dO8jtTÂ ,[],['https://bit.ly/3dO8jtT'],[],0,1,3,[],[],https://twitter.com/vietnamenglish/status/1245917590607691779,False,,0,,"21.006111,105.843056,20km",,,,,"[{'user_id': '710064166468341760', 'username': 'vietnamenglish'}]",,,,
1245917438190833665,1245917438190833665,1585884839000,2020-04-03,10:33:59,+07,710064166468341760,vietnamenglish,VnExpress,,Delivery workers risk Covid-19 infection trying to earn a buck  https://bit.ly/2JzlalJÂ ,[],['https://bit.ly/2JzlalJ'],[],0,1,1,[],[],https://twitter.com/vietnamenglish/status/1245917438190833665,False,,0,,"21.006111,105.843056,20km",,,,,"[{'user_id': '710064166468341760', 'username': 'vietnamenglish'}]",,,,
1245916231825158149,1245915710850650112,1585884552000,2020-04-03,10:29:12,+07,755394087490949121,arrkstan,dumbass ArRk stan @ i'm broke,,"i hope they aren't pushing themselves, the whole thing about covid-19 is still kinda dangerous...
on the other hand FINALLY WE CAN SEE AMAZING TRAVEL DNA COSTUME I'M--",['buuuuubuudesuwa'],[],[],1,0,2,[],[],https://twitter.com/arrkstan/status/1245916231825158149,False,,0,,"21.006111,105.843056,20km",,,,,"[{'user_id': '755394087490949121', 'username': 'arrkstan'}, {'user_id': '732586414479540225', 'username': 'BuuuuuBuuDesuwa'}]",,,,
1245914062807953408,1245914062807953408,1585884035000,2020-04-03,10:20:35,+07,2911456194,pham_trung_tinh,Pham Trung Tinh,,"Tá»•ng BÃ­ thÆ°, Chá»§ tá»‹ch nÆ°á»›c kÃªu gá»i toÃ n thá»ƒ dÃ¢n tá»™c chá»‘ng Ä‘áº¡i dá»‹ch Covid-19  https://taodan.com.vn/tong-bi-thu-chu-tich-nuoc-keu-goi-toan-the-dan-toc-chong-dai-dich-covid-19.htmlÂ â€¦ qua @Tao ÄÃ n",['tao'],['https://taodan.com.vn/tong-bi-thu-chu-tich-nuoc-keu-goi-toan-the-dan-toc-chong-dai-dich-covid-19.html'],[],0,0,0,[],[],https://twitter.com/pham_trung_tinh/status/1245914062807953408,False,,0,,"21.006111,105.843056,20km",,,,,"[{'user_id': '2911456194', 'username': 'pham_trung_tinh'}, {'user_id': '61642607', 'username': 'tao'}]",,,,
1245913094091497472,1245913094091497472,1585883804000,2020-04-03,10:16:44,+07,1100797447905792000,vincodeg,www.VinCode.com.vn,,Ã tÆ°á»Ÿng kinh doanh giá»¯ vá»¯ng doanh sá»‘ giá»¯a bÃ£o Covid-19  https://vincode.com.vn/y-tuong-kinh-doanh-giu-vung-doanh-so-giua-bao-covid-19/#.XoaqiW_56bQ.twitterÂ â€¦,[],['https://vincode.com.vn/y-tuong-kinh-doanh-giu-vung-doanh-so-giua-bao-covid-19/#.XoaqiW_56bQ.twitter'],[],0,0,0,[],[],https://twitter.com/VincodeG/status/1245913094091497472,False,,0,,"21.006111,105.843056,20km",,,,,"[{'user_id': '1100797447905792000', 'username': 'VincodeG'}]",,,,
1245910907001151489,1245910907001151489,1585883282000,2020-04-03,10:08:02,+07,1051863311879352322,binancevn,BinanceVietnam,,"Xin chÃ o cÃ¡c Binancians, 

Trong thÃ¡ng hoáº¡t Ä‘á»™ng thá»© 32 cá»§a Binance, chÃºng tÃ´i Ä‘Ã£ Ä‘Æ°a Binance P2P vÆ°Æ¡n ra toÃ n cáº§u, tiáº¿p tá»¥c láº­p ká»· lá»¥c cÃ¹ng Binance Futures, giÃºp Ä‘á»¡ chá»‘ng láº¡i Ä‘áº¡i dá»‹ch COVID-19 vá»›i Binance Charity, vÃ  cÃ²n nhiá»u ná»¯a.

 https://buff.ly/2ygmkjEÂ  pic.twitter.com/WFxamJytq0",[],['https://buff.ly/2ygmkjE'],['https://pbs.twimg.com/media/EUpdXf1X0AI472r.jpg'],1,0,0,[],[],https://twitter.com/BinanceVN/status/1245910907001151489,False,,0,,"21.006111,105.843056,20km",,,,,"[{'user_id': '1051863311879352322', 'username': 'BinanceVN'}]",,,,
1245909040942612480,1245909040942612480,1585882837000,2020-04-03,10:00:37,+07,863234834,hoahanoi,Hoa Ngo,,#onlyinVietnam : this is hilarious - wedding photos during Covid 19- (the broom was in the role of a beggar) @www.kienthuc.net.vn pic.twitter.com/bAxz9E9vEb,['www'],[],"['https://pbs.twimg.com/media/EUpaqK1UMAAxZRK.png', 'https://pbs.twimg.com/media/EUpbmyNUEAANHnj.png']",0,0,0,['#onlyinvietnam'],[],https://twitter.com/HoaHanoi/status/1245909040942612480,False,,0,,"21.006111,105.843056,20km",,,,,"[{'user_id': '863234834', 'username': 'HoaHanoi'}, {'user_id': '1350901', 'username': 'www'}]",,,,
1245907887026614272,1245907887026614272,1585882562000,2020-04-03,09:56:02,+07,921408288,gapitvn,Long Nguyen,,"Covid 19, we facing to find some new ways",[],[],[],0,0,0,[],[],https://twitter.com/gapitvn/status/1245907887026614272,False,,0,,"21.006111,105.843056,20km",,,,,"[{'user_id': '921408288', 'username': 'gapitvn'}]",,,,
1245907100863049728,1245907100863049728,1585882375000,2020-04-03,09:52:55,+07,2933349943,haivx1902,æ­¦,,Police hunt contacts of silent Covid-19 carriers in locked down Chinese county  https://www.scmp.com/news/china/society/article/3078192/police-cast-wide-net-close-contacts-silent-coronavirus-carriersÂ â€¦ via @scmpnews,['scmpnews'],['https://www.scmp.com/news/china/society/article/3078192/police-cast-wide-net-close-contacts-silent-coronavirus-carriers'],[],0,0,0,[],[],https://twitter.com/haivx1902/status/1245907100863049728,False,,0,,"21.006111,105.843056,20km",,,,,"[{'user_id': '2933349943', 'username': 'haivx1902'}, {'user_id': '23922797', 'username': 'SCMPNews'}]",,,,
1245906340397985793,1245905831562010626,1585882194000,2020-04-03,09:49:54,+07,2959075879,ngocnguyendsa,Ngoc Nguyen,,COVID-related assistance emerges for SEAâ€™s hard-hit startup ecosystem  https://www.dealstreetasia.com/stories/covid-related-assistance-sea-182665/Â â€¦,[],['https://www.dealstreetasia.com/stories/covid-related-assistance-sea-182665/'],[],0,1,0,[],[],https://twitter.com/NgocNguyenDSA/status/1245906340397985793,False,,0,,"21.006111,105.843056,20km",,,,,"[{'user_id': '2959075879', 'username': 'NgocNguyenDSA'}]",,,,
1245904724274089985,1245904724274089985,1585881808000,2020-04-03,09:43:28,+07,962891449594298368,giavangn,Giavang.net,,"Cáº­p nháº­t tÃ¬nh hÃ¬nh Covid 19 trÃªn Tháº¿ giá»›i: HÆ¡n 1 triá»‡u ca nhiá»…m trÃªn toÃ n cáº§u, sá»‘ tá»­ vong táº¡i PhÃ¡p tÄƒng vá»t, WHO cáº£nh bÃ¡o dá»‹ch Ä‘á»‘i vá»›i tráº» em  https://giavang.net/cap-nhat-tinh-hinh-covid-19-tren-the-gioi-hon-1-trieu-ca-nhiem-tren-toan-cau-so-tu-vong-tai-phap-tang-vot-who-canh-bao-dich-doi-voi-tre-em/Â â€¦",[],['https://giavang.net/cap-nhat-tinh-hinh-covid-19-tren-the-gioi-hon-1-trieu-ca-nhiem-tren-toan-cau-so-tu-vong-tai-phap-tang-vot-who-canh-bao-dich-doi-voi-tre-em/'],[],0,0,0,[],[],https://twitter.com/GiavangN/status/1245904724274089985,False,,0,,"21.006111,105.843056,20km",,,,,"[{'user_id': '962891449594298368', 'username': 'GiavangN'}]",,,,
1245904566312452096,1245904566312452096,1585881771000,2020-04-03,09:42:51,+07,957806676794474496,zitovn,Ná»™i Tháº¥t ZITO,,"The N.R.A. Sees a Threat, and an Opportunity, in Covid-19  https://www.nytimes.com/2020/04/02/us/nra-guns-coronavirus.htmlÂ â€¦ #politics",[],['https://www.nytimes.com/2020/04/02/us/nra-guns-coronavirus.html'],[],0,0,0,['#politics'],[],https://twitter.com/ZitoVn/status/1245904566312452096,False,,0,,"21.006111,105.843056,20km",,,,,"[{'user_id': '957806676794474496', 'username': 'ZitoVn'}]",,,,
1245901455237603329,1245711737438875650,1585881029000,2020-04-03,09:30:29,+07,1135064424903917568,hcynn1,Tuyá»‡t Nhi ğŸ‡»ğŸ‡³,,"Váº­y Ã , gia Ä‘Ã¬nh vÃ  báº¡n cá»§a em cÃ³ á»‘m chÆ°a. ChÃ¡n tháº­t Covid nhá»‰ ğŸ˜«",['maiphuong188'],[],[],0,0,0,[],[],https://twitter.com/hcynn1/status/1245901455237603329,False,,0,,"21.006111,105.843056,20km",,,,,"[{'user_id': '1135064424903917568', 'username': 'hcynn1'}, {'user_id': '2882271770', 'username': 'maiphuong188'}]",,,,
1245901326350831617,1245901326350831617,1585880998000,2020-04-03,09:29:58,+07,922083005895766016,tuyenctv8,Nguyá»…n Tuyáº¿n,,Cá»¥ bÃ  tá»«ng lÃªn xÃ£ xin thoÃ¡t nghÃ¨o tiáº¿p tá»¥c á»§ng há»™ tiá»n chá»‘ng dá»‹ch Covid-19  http://moitruongvaxahoi.vn/cu-ba-tung-len-xa-xin-thoat-ngheo-tiep-tuc-ung-ho-tien-chong-dich-covid19-1236866567.htmlÂ â€¦,[],['http://moitruongvaxahoi.vn/cu-ba-tung-len-xa-xin-thoat-ngheo-tiep-tuc-ung-ho-tien-chong-dich-covid19-1236866567.html'],[],0,0,0,[],[],https://twitter.com/tuyenctv8/status/1245901326350831617,False,,0,,"21.006111,105.843056,20km",,,,,"[{'user_id': '922083005895766016', 'username': 'tuyenctv8'}]",,,,
1245893176575090688,1245893176575090688,1585879055000,2020-04-03,08:57:35,+07,962891449594298368,giavangn,Giavang.net,,"ThÃªm 6 bá»‡nh nhÃ¢n COVID-19 má»›i, Viá»‡t Nam nÃ¢ng tá»•ng sá»‘ lÃªn 233 ca máº¯c Covid-19  https://giavang.net/them-6-benh-nhan-covid-19-moi-viet-nam-nang-tong-so-len-233-ca-mac-covid-19/Â â€¦",[],['https://giavang.net/them-6-benh-nhan-covid-19-moi-viet-nam-nang-tong-so-len-233-ca-mac-covid-19/'],[],0,0,0,[],[],https://twitter.com/GiavangN/status/1245893176575090688,False,,0,,"21.006111,105.843056,20km",,,,,"[{'user_id': '962891449594298368', 'username': 'GiavangN'}]",,,,
1245886166190166024,1245886166190166024,1585877384000,2020-04-03,08:29:44,+07,962891449594298368,giavangn,Giavang.net,,"HÆ¡n 240.000 ngÆ°á»i máº¯c Covid-19, Bá»‡nh viá»‡n Má»¹ kiá»‡t quá»‡ váº­t tÆ° y táº¿  https://giavang.net/hon-240-000-nguoi-mac-covid-19-benh-vien-my-kiet-que-vat-tu-y-te/Â â€¦",[],['https://giavang.net/hon-240-000-nguoi-mac-covid-19-benh-vien-my-kiet-que-vat-tu-y-te/'],[],0,0,0,[],[],https://twitter.com/GiavangN/status/1245886166190166024,False,,0,,"21.006111,105.843056,20km",,,,,"[{'user_id': '962891449594298368', 'username': 'GiavangN'}]",,,,
1245880003167948803,1245880003167948803,1585875914000,2020-04-03,08:05:14,+07,877065518066221060,vachvesinhgiare,VÃ¡ch ngÄƒn vá»‡ sinh,,COVID-19: #RentRelief for Immigrants organized by Daniel Alejandro Leon https://www.gofundme.com/f/covid19-rentrelief-for-immigrantsÂ â€¦,[],['https://www.gofundme.com/f/covid19-rentrelief-for-immigrants'],[],0,0,0,['#rentrelief'],[],https://twitter.com/vachvesinhgiare/status/1245880003167948803,False,,0,,"21.006111,105.843056,20km",,,,,"[{'user_id': '877065518066221060', 'username': 'vachvesinhgiare'}]",,,,
1245876244849111042,1245876244849111042,1585875018000,2020-04-03,07:50:18,+07,1003428376210636800,phung_van_hoi,PhÃ¹ng VÄƒn Há»™i,,"ğŸ˜ ChÃ o ThÃ¡ng 4/2020 ğŸ˜
ğŸš— Giao xe ngÃ y khÃ´ng nÃ³i dá»‘i giá»¯a tÃ¢m dá»‹ch Covid 19 â¤ï¸
ğŸ‰ KÃ­nh chÃºc e Tuáº¥n tá»« HÃ  Ná»™i lÃ m Äƒn phÃ¡t tÃ i lÃ¡i xe an toÃ n
ğŸŒŸEM VáºªN BÃN XE XUYÃŠN NGHá»ˆ Táº¾T COVID NHÃ‰ Mua Online Giao Xe Táº­n NhÃ 
âœ…ThÃ¡ng 4/2020 Chá»‰ 150 Triá»‡u Nháº­n Vios 2020 #vios2020 pic.twitter.com/1trZWvfKPG",[],[],['https://pbs.twimg.com/media/EUo91i_U4AAquJb.jpg'],0,0,0,['#vios2020'],[],https://twitter.com/PHUNG_VAN_HOI/status/1245876244849111042,False,,0,,"21.006111,105.843056,20km",,,,,"[{'user_id': '1003428376210636800', 'username': 'PHUNG_VAN_HOI'}]",,,,
1245867245793734656,1245867245793734656,1585872873000,2020-04-03,07:14:33,+07,181828004,danhquynh,Do danh Quynh,,Trial drug can significantly block early stages of COVID-19 in engineered human tissues  https://www.sciencedaily.com/releases/2020/04/200402144526.htmÂ â€¦,[],['https://www.sciencedaily.com/releases/2020/04/200402144526.htm'],[],0,0,0,[],[],https://twitter.com/danhquynh/status/1245867245793734656,False,,0,,"21.006111,105.843056,20km",,,,,"[{'user_id': '181828004', 'username': 'danhquynh'}]",,,,
1245863388837642247,1245863388837642247,1585871953000,2020-04-03,06:59:13,+07,710064166468341760,vietnamenglish,VnExpress,,Overseas returnees bring Vietnamâ€™s Covid-19 cases to 233  https://bit.ly/2UWfCarÂ ,[],['https://bit.ly/2UWfCar'],[],0,0,0,[],[],https://twitter.com/vietnamenglish/status/1245863388837642247,False,,0,,"21.006111,105.843056,20km",,,,,"[{'user_id': '710064166468341760', 'username': 'vietnamenglish'}]",,,,
1245863148176863233,1245863148176863233,1585871896000,2020-04-03,06:58:16,+07,958737088937041920,baotgvn,VÅ© Quang TÃ¹ng,,"Cáº­p nháº­t dá»‹ch Covid-19 á»Ÿ Viá»‡t Nam ngÃ y 3/4: ThÃªm 6 ca nhiá»…m má»›i, 5 ca cÃ¡ch ly ngay sau khi nháº­p cáº£nh  https://baoquocte.vn/cap-nhat-dich-covid-19-o-viet-nam-ngay-34-them-6-ca-nhiem-moi-5-ca-cach-ly-ngay-sau-khi-nhap-canh-112820.htmlÂ â€¦",[],['https://baoquocte.vn/cap-nhat-dich-covid-19-o-viet-nam-ngay-34-them-6-ca-nhiem-moi-5-ca-cach-ly-ngay-sau-khi-nhap-canh-112820.html'],[],0,0,0,[],[],https://twitter.com/BaoTGVN/status/1245863148176863233,False,,0,,"21.006111,105.843056,20km",,,,,"[{'user_id': '958737088937041920', 'username': 'BaoTGVN'}]",,,,
1245860049404084225,1245860049404084225,1585871157000,2020-04-03,06:45:57,+07,710064166468341760,vietnamenglish,VnExpress,,Overseas returnees bring Vietnamâ€™s Covid-19 cases to 233  https://bit.ly/2ysBNgFÂ ,[],['https://bit.ly/2ysBNgF'],[],0,2,3,[],[],https://twitter.com/vietnamenglish/status/1245860049404084225,False,,0,,"21.006111,105.843056,20km",,,,,"[{'user_id': '710064166468341760', 'username': 'vietnamenglish'}]",,,,
1245825853474238470,1245825853474238470,1585863004000,2020-04-03,04:30:04,+07,1234460377129213953,tuyntrn42319638,Cá»™ng Ä‘á»“ng FWB HÃ  Ná»™i,,"Táº§m nÃ y thÃ¬ thÃ´i quÃ¡ má»‡t má»i trong cÃ´ng cuá»™c tÃ¬m gáº¥u rá»“i!!
Tráº§n Minh Ã 
25 tá»§i
HKTT: Ba ÄÃ¬nh-HN
Hi vá»ng cÃ³ thá»ƒ tÃ¬m Ä‘Æ°á»£c ny trong mÃ¹a covid nÃ y áº¡ !!  pic.twitter.com/CbcRF3IhLj",[],[],['https://pbs.twimg.com/media/EUoP__RUwAEcMaf.jpg'],0,0,0,[],[],https://twitter.com/TuynTrn42319638/status/1245825853474238470,False,,0,,"21.006111,105.843056,20km",,,,,"[{'user_id': '1234460377129213953', 'username': 'TuynTrn42319638'}]",,,,
1245823477287997440,1245823477287997440,1585862437000,2020-04-03,04:20:37,+07,1200397178361065474,rastreadorel,VON AGRIUSğŸ‘¥,,"A todas Ã©stas perras setentahijueputas arrechas que solo vienen a mostrar tetad y culo.... Que el covid 19 se las lleve seÃ±or, sin asco!.... AmÃ©n.",[],[],[],0,0,0,[],[],https://twitter.com/RastreadorEl/status/1245823477287997440,False,,0,,"21.006111,105.843056,20km",,,,,"[{'user_id': '1200397178361065474', 'username': 'RastreadorEl'}]",,,,
1245810794136252424,1245810794136252424,1585859414000,2020-04-03,03:30:14,+07,870864283432755200,akindejiaremu,Aremu Akindeji,,"A heartwarming news from the indefatigable Governor of Lagos State. I wish everyone been treated for COVID-19 in Nigeria and all over the world, quick recovery. ğŸ™ğŸ¾  https://twitter.com/jidesanwoolu/status/1245765542838927361Â â€¦",[],['https://twitter.com/jidesanwoolu/status/1245765542838927361'],[],0,0,0,[],[],https://twitter.com/AkindejiAremu/status/1245810794136252424,False,https://twitter.com/jidesanwoolu/status/1245765542838927361,0,,"21.006111,105.843056,20km",,,,,"[{'user_id': '870864283432755200', 'username': 'AkindejiAremu'}]",,,,
1245779181687824389,1245552269250056192,1585851877000,2020-04-03,01:24:37,+07,285374173,nddung92,DÅ©ng Nguyá»…n Äá»©c,,"Will it work with iOS 13.4?
Anw please stay safe during covid-19 period âœŒï¸","['altsigner', 'kubadownload', 'dinod7', 'thetechspottts', 'dailyifix']",[],[],0,0,1,[],[],https://twitter.com/nddung92/status/1245779181687824389,False,,0,,"21.006111,105.843056,20km",,,,,"[{'user_id': '285374173', 'username': 'nddung92'}, {'user_id': '1230066661169885185', 'username': 'AltSigner'}, {'user_id': '885948156923478016', 'username': 'kubadownload'}, {'user_id': '81617852', 'username': 'DinoD7'}, {'user_id': '763112862277525505', 'username': 'TheTechSpotTTS'}, {'user_id': '389310166', 'username': 'DailyiFix'}]",,,,
1245761511353548800,1245761511353548800,1585847664000,2020-04-03,00:14:24,+07,2897319109,dimo_mi,dimo,,The U.S. Role in International Organizationsâ€™ Response to COVID-19  https://translations.state.gov/2020/03/31/the-u-s-role-in-international-organizations-response-to-covid-19/Â â€¦,[],['https://translations.state.gov/2020/03/31/the-u-s-role-in-international-organizations-response-to-covid-19/'],[],1,0,0,[],[],https://twitter.com/dimo_mi/status/1245761511353548800,False,,0,,"21.006111,105.843056,20km",,,,,"[{'user_id': '2897319109', 'username': 'dimo_mi'}]",,,,
1245758296050536450,1245758296050536450,1585846897000,2020-04-03,00:01:37,+07,789822855080873984,tho_smile177,Thá» Ngá»c,,"Nháº¡t Ä‘áº¿n vÃ´ nghÄ©a!!!
Tá»›i cty chÃ©m giÃ³ dá»‹ch Covid-19, tan lÃ m vá» nhÃ  náº¥u Äƒn rá»“i Ä‘á»c truyá»‡n hay xem hÃ i... VÃ²ng tuáº§n hoÃ n nháº¡t Ä‘áº¿n vÃ´ nghÄ©a luÃ´n! KhÃ´ng ngÆ°á»i yÃªu, láº¡i khÃ´ng báº¡n bÃ¨...!
KhÃ´ng biáº¿t lÃ  cÃ³ bá»‹ bá»‡nh gÃ¬ khÃ´ngâ€¦  https://www.instagram.com/p/B-fHJSQB3i8/?igshid=1nsr1s1dpxfkuÂ â€¦",[],['https://www.instagram.com/p/B-fHJSQB3i8/?igshid=1nsr1s1dpxfku'],[],0,0,0,[],[],https://twitter.com/Tho_Smile177/status/1245758296050536450,False,,0,,"21.006111,105.843056,20km",,,,,"[{'user_id': '789822855080873984', 'username': 'Tho_Smile177'}]",,,,
1245752003629727745,1245742874060341249,1585845397000,2020-04-02,23:36:37,+07,20167231,banjois,Noah,,"What's the use of pants, if you can't dance, or dance just on your own?
A bottle of gin just gets watered down by pals.
So I'll sit at home, with legs exposed, nobody need be shown,
This Covid future's hurtin' my morale.
(half verse pedal steel break before the chorus)",['robhutten'],[],[],1,0,1,[],[],https://twitter.com/banjois/status/1245752003629727745,False,,0,,"21.006111,105.843056,20km",,,,,"[{'user_id': '20167231', 'username': 'banjois'}, {'user_id': '16133168', 'username': 'robhutten'}]",,,,
1245750693429800962,1245652975550259200,1585845084000,2020-04-02,23:31:24,+07,2897319109,dimo_mi,dimo,,"Äáº¡i sá»© Trung Quá»‘c táº¡i PhÃ¡p LÃ´ Sa DÃ£ kháº³ng Ä‘á»‹nh .... trong sá»‘ tá»•ng cá»™ng hÆ¡n 3.300 ngÆ°á»i cháº¿t vÃ¬ Covid-19 kháº¯p Trung Quá»‘c Ä‘áº¡i lá»¥c, cÃ³ khoáº£ng 2.500 ca tá»­ vong á»Ÿ VÅ© HÃ¡n, tuy nhiÃªn cÅ©ng cÃ³ khoáº£ng 10.000 ngÆ°á»i khÃ¡c qua Ä‘á»i vÃ¬ nhá»¯ng nguyÃªn nhÃ¢n khÃ¡c #thanhnienğŸ¤£",['rfi_vi'],[],[],0,0,0,['#thanhnien'],[],https://twitter.com/dimo_mi/status/1245750693429800962,False,,0,,"21.006111,105.843056,20km",,,,,"[{'user_id': '2897319109', 'username': 'dimo_mi'}, {'user_id': '47930576', 'username': 'RFI_Vi'}]",,,,
1245750385752436736,1245750385752436736,1585845011000,2020-04-02,23:30:11,+07,836461582129348608,klinn_h,khlinhnahhh,,The way i travel while there is covid epidemic :  pic.twitter.com/zixQI1Aqh9,[],[],['https://pbs.twimg.com/media/EUnLX4wU0AMECX2.jpg'],0,0,0,[],[],https://twitter.com/klinn_h/status/1245750385752436736,False,,0,,"21.006111,105.843056,20km",,,,,"[{'user_id': '836461582129348608', 'username': 'klinn_h'}]",,,,
1245733492404572160,1245733492404572160,1585840983000,2020-04-02,22:23:03,+07,396271636,haido80,Do Thanh Hai,,"20 more patients in #Vietnam have recovered from the Covid-19 infections in the last two days, but we have 23 more patients. The recovery will soon catch up and overtake the number of new infections, hopefully. 

 http://news.chinhphu.vn/Home/COVID19-infection-tally-rises-to-227/20204/39527.vgpÂ â€¦ pic.twitter.com/EjeULb6RhG",[],['http://news.chinhphu.vn/Home/COVID19-infection-tally-rises-to-227/20204/39527.vgp'],['https://pbs.twimg.com/media/EUm79r_UMAEopZN.jpg'],4,1,23,['#vietnam'],[],https://twitter.com/HaiDo80/status/1245733492404572160,False,,0,,"21.006111,105.843056,20km",,,,,"[{'user_id': '396271636', 'username': 'HaiDo80'}]",,,,
1245730474544074752,1245730474544074752,1585840264000,2020-04-02,22:11:04,+07,1229403013833342976,tranquangtoai11,TranQuangToai1389,,CÃ¡ch ly dá»‹ch covid cÃ i pháº§n má»m tiktok  pic.twitter.com/xTZxw1CrIT,[],[],['https://pbs.twimg.com/media/EUm5QdsUYAEe9oq.jpg'],0,0,0,[],[],https://twitter.com/Tranquangtoai11/status/1245730474544074752,False,,0,,"21.006111,105.843056,20km",,,,,"[{'user_id': '1229403013833342976', 'username': 'Tranquangtoai11'}]",,,,
1245717706667470849,1245717706667470849,1585837220000,2020-04-02,21:20:20,+07,984753779206582273,thanhdatt81,VÅ© ThÃ nh Äáº¡t,,Think my twitter just to complain about Covid,[],[],[],1,0,0,[],[],https://twitter.com/thanhdatt81/status/1245717706667470849,False,,0,,"21.006111,105.843056,20km",,,,,"[{'user_id': '984753779206582273', 'username': 'thanhdatt81'}]",,,,
1245712726598524930,1245712726598524930,1585836032000,2020-04-02,21:00:32,+07,807403478981033985,gocheapvn,Gocheap Viá»‡t Nam,,COVID-19: HÃ ng khÃ´ng Viá»‡t Nam há»©ng chá»‹u nhá»¯ng khÃ³ khÄƒn chÆ°a tá»«ng cÃ³ | Doanh nghiá»‡p | Vietnam+ (VietnamPlus)  https://www.vietnamplus.vn/covid19-hang-khong-viet-nam-hung-chiu-nhung-kho-khan-chua-tung-co/631846.vnpÂ â€¦ pic.twitter.com/C9wNWR02Q5,[],['https://www.vietnamplus.vn/covid19-hang-khong-viet-nam-hung-chiu-nhung-kho-khan-chua-tung-co/631846.vnp'],['https://pbs.twimg.com/media/EUmpH3oXsAAwZez.jpg'],0,0,0,[],[],https://twitter.com/gocheapvn/status/1245712726598524930,False,,0,,"21.006111,105.843056,20km",,,,,"[{'user_id': '807403478981033985', 'username': 'gocheapvn'}]",,,,
1245703620407865344,1245703620407865344,1585833861000,2020-04-02,20:24:21,+07,861788851,tungdavy,Tung Nguyen,,"TÃ¢m sá»± khi quÃ¡n Ä‘ang kinh doanh cá»§a mÃ¬nh buá»™c pháº£i Ä‘Ã³ng cá»­a theo lá»‡nh cÃ¡ch ly xÃ£ há»™i vÃ¬ dá»‹ch virus Covid
 https://youtu.be/Lg1GpWEccJYÂ 
#coronavirus",[],['https://youtu.be/Lg1GpWEccJY'],[],0,0,0,['#coronavirus'],[],https://twitter.com/TungDaVy/status/1245703620407865344,False,,0,,"21.006111,105.843056,20km",,,,,"[{'user_id': '861788851', 'username': 'TungDaVy'}]",,,,
1245696941826048003,1245696941826048003,1585832269000,2020-04-02,19:57:49,+07,1190891629663535105,kashivietnam,Kashi VN,,"ã€æ–°å‹ã‚³ãƒ­ãƒŠã‚¦ã‚£ãƒ«ã‚¹å¯¾å¿œ æŒ‡ã•ã—ä¼šè©±ã€‘

æŒ‡ã•ã—ä¼šè©±ãŒç„¡æ–™ã§ãƒ€ã‚¦ãƒ³ãƒ­ãƒ¼ãƒ‰ã§ãã‚‹å†Šå­ï¼ˆPDFç‰ˆï¼‰ã‚’ä½œã£ã¦ãã‚Œã¾ã—ãŸãƒ¼ï¼ï¼

 https://www.yubisashi.com/covid19/Â 
#vietnam #Corona #Covid_19 #languages #ãƒ™ãƒˆãƒŠãƒ  #ãƒ™ãƒˆãƒŠãƒ èª #ã‚³ãƒ­ãƒŠã‚¦ã‚¤ãƒ«ã‚¹ #æŒ‡ã•ã—ä¼šè©±å¸³ #COVID",[],['https://www.yubisashi.com/covid19/'],[],0,0,0,"['#vietnam', '#corona', '#covid_19', '#languages', '#ãƒ™ãƒˆãƒŠãƒ ', '#ãƒ™ãƒˆãƒŠãƒ èª', '#ã‚³ãƒ­ãƒŠã‚¦ã‚¤ãƒ«ã‚¹', '#æŒ‡ã•ã—ä¼šè©±å¸³', '#covid']",[],https://twitter.com/KashiVietnam/status/1245696941826048003,False,,0,,"21.006111,105.843056,20km",,,,,"[{'user_id': '1190891629663535105', 'username': 'KashiVietnam'}]",,,,
1245693349442404353,1245693349442404353,1585831413000,2020-04-02,19:43:33,+07,853180902272147456,tiesuc_qd,Tiesuc,,Vietnamese covid dashboard update    https://ncov.vncdc.gov.vn/Â ,[],['https://ncov.vncdc.gov.vn/'],[],0,0,0,[],[],https://twitter.com/Tiesuc_qd/status/1245693349442404353,False,,0,,"21.006111,105.843056,20km",,,,,"[{'user_id': '853180902272147456', 'username': 'Tiesuc_qd'}]",,,,
1245693345596235777,1245693345596235777,1585831412000,2020-04-02,19:43:32,+07,710064166468341760,vietnamenglish,VnExpress,,Vietnam losing track of Covid-19 transmission: expert  https://bit.ly/3bFAfy4Â ,[],['https://bit.ly/3bFAfy4'],[],0,0,2,[],[],https://twitter.com/vietnamenglish/status/1245693345596235777,False,,0,,"21.006111,105.843056,20km",,,,,"[{'user_id': '710064166468341760', 'username': 'vietnamenglish'}]",,,,
1245693216755572737,1245693216755572737,1585831381000,2020-04-02,19:43:01,+07,710064166468341760,vietnamenglish,VnExpress,,Vietnamâ€™s Covid-19 cases rise by five to 227  https://bit.ly/3aAnjcYÂ ,[],['https://bit.ly/3aAnjcY'],[],0,0,1,[],[],https://twitter.com/vietnamenglish/status/1245693216755572737,False,,0,,"21.006111,105.843056,20km",,,,,"[{'user_id': '710064166468341760', 'username': 'vietnamenglish'}]",,,,
1245681581898883072,1245681581898883072,1585828607000,2020-04-02,18:56:47,+07,710064166468341760,vietnamenglish,VnExpress,,Vietnamâ€™s Covid-19 cases rise by five to 227  https://bit.ly/2UzfzlUÂ ,[],['https://bit.ly/2UzfzlU'],[],2,3,6,[],[],https://twitter.com/vietnamenglish/status/1245681581898883072,False,,0,,"21.006111,105.843056,20km",,,,,"[{'user_id': '710064166468341760', 'username': 'vietnamenglish'}]",,,,
1245679054973317122,1245679053215920131,1585828004000,2020-04-02,18:46:44,+07,835879134471442433,legendarygook,covid-69,,"Now that he has turned against you and inciting fear and xenophobia by categorizing Covid-19 as a â€œChinese Virusâ€, now youâ€™re mad about that shit? Boy eat my ass.",[],[],[],0,0,0,[],[],https://twitter.com/legendarygook/status/1245679054973317122,False,,0,,"21.006111,105.843056,20km",,,,,"[{'user_id': '835879134471442433', 'username': 'legendarygook'}]",,,,
1245679053215920131,1245679053215920131,1585828004000,2020-04-02,18:46:44,+07,835879134471442433,legendarygook,covid-69,,"Controversial opinion: 
If youâ€™re an Asian Trump supporter. You deserved to be a target of xenophobia and racism fueled from Covid-19.",[],[],[],1,0,0,[],[],https://twitter.com/legendarygook/status/1245679053215920131,False,,0,,"21.006111,105.843056,20km",,,,,"[{'user_id': '835879134471442433', 'username': 'legendarygook'}]",,,,
1245675184482385920,1245675184482385920,1585827082000,2020-04-02,18:31:22,+07,3287644986,bvtvsongphuong,bvtvsongphuong,,"Covid-19 Grants, Loans Could Help Ecommerce Companies
 https://bit.ly/3dPCQaTÂ ",[],['https://bit.ly/3dPCQaT'],[],0,0,0,[],[],https://twitter.com/bvtvsongphuong/status/1245675184482385920,False,,0,,"21.006111,105.843056,20km",,,,,"[{'user_id': '3287644986', 'username': 'bvtvsongphuong'}]",,,,
1245673492097327104,1245673492097327104,1585826678000,2020-04-02,18:24:38,+07,2884387694,lctechvietnam,LC TECH VIETNAM,,"Covid-19 Grants, Loans Could Help Ecommerce Companies
 https://bit.ly/3dPCQaTÂ ",[],['https://bit.ly/3dPCQaT'],[],0,0,0,[],[],https://twitter.com/lctechvietnam/status/1245673492097327104,False,,0,,"21.006111,105.843056,20km",,,,,"[{'user_id': '2884387694', 'username': 'lctechvietnam'}]",,,,
1245673483842891776,1245673483842891776,1585826676000,2020-04-02,18:24:36,+07,4439522599,thue_xe_16_cho,ThuÃª xe du lich,,"Covid-19 Grants, Loans Could Help Ecommerce Companies -  https://lctech.vn/blog/covid-19-grants-loans-could-help-ecommerce-companies/Â â€¦ pic.twitter.com/INYCbSdiiC",[],['https://lctech.vn/blog/covid-19-grants-loans-could-help-ecommerce-companies/'],['https://pbs.twimg.com/media/EUmFbkHVAAAURn1.jpg'],0,0,0,[],[],https://twitter.com/thue_xe_16_cho/status/1245673483842891776,False,,0,,"21.006111,105.843056,20km",,,,,"[{'user_id': '4439522599', 'username': 'thue_xe_16_cho'}]",,,,
1245673471494877185,1245673471494877185,1585826673000,2020-04-02,18:24:33,+07,304329689,cmtsolutionvn,CMT SOLUTION,,"Covid-19 Grants, Loans Could Help Ecommerce Companies -  https://lctech.vn/blog/covid-19-grants-loans-could-help-ecommerce-companies/GrantsÂ â€¦ and loans from the U.S. government, state and local gover... pic.twitter.com/2tmF21T7Us",[],['https://lctech.vn/blog/covid-19-grants-loans-could-help-ecommerce-companies/Grants'],['https://pbs.twimg.com/media/EUmFa3bUEAQl1G0.jpg'],0,0,0,[],[],https://twitter.com/cmtsolutionvn/status/1245673471494877185,False,,0,,"21.006111,105.843056,20km",,,,,"[{'user_id': '304329689', 'username': 'cmtsolutionvn'}]",,,,
1245671832876912644,1245671832876912644,1585826283000,2020-04-02,18:18:03,+07,3226694466,hanoiscribbles,HÃ  Ná»™i Scribbles,,Covid-19 in Vietnam and around the world  https://hanoi177.wordpress.com/2020/04/02/covid-19-in-vietnam-and-around-the-world/Â â€¦,[],['https://hanoi177.wordpress.com/2020/04/02/covid-19-in-vietnam-and-around-the-world/'],[],0,0,0,[],[],https://twitter.com/HanoiScribbles/status/1245671832876912644,False,,0,,"21.006111,105.843056,20km",,,,,"[{'user_id': '3226694466', 'username': 'HanoiScribbles'}]",,,,
1245665685750960130,1245665685750960130,1585824817000,2020-04-02,17:53:37,+07,921258888132825088,thomas__luong,Thomas Luong,,"Working from home, still get wage, the covid-19  pic.twitter.com/NFUF5QrBh4",[],[],['https://pbs.twimg.com/media/EUl-VD0UMAIS_4_.jpg'],0,0,0,[],[],https://twitter.com/Thomas__Luong/status/1245665685750960130,False,,0,,"21.006111,105.843056,20km",,,,,"[{'user_id': '921258888132825088', 'username': 'Thomas__Luong'}]",,,,
1245649418906288128,1245649418906288128,1585820939000,2020-04-02,16:48:59,+07,1120685221479739392,cachhaynhat,CÃ¡ch Hay Nháº¥t,,"File Mockup Chibi QuÃ¢n Äá»™i, CÃ´ng An, Cá»©u Há»a COVID-19 Vector Corel

  https://www.cachhaynhat.com/post/file-mockup-chibi-quÃ¢n-Ä‘á»™i-cÃ´ng-an-cá»©u-há»a-covid-19-vector-corelÂ â€¦",[],['https://www.cachhaynhat.com/post/file-mockup-chibi-quÃ¢n-Ä‘á»™i-cÃ´ng-an-cá»©u-há»a-covid-19-vector-corel'],[],0,0,0,[],[],https://twitter.com/CachHayNhat/status/1245649418906288128,False,,0,,"21.006111,105.843056,20km",,,,,"[{'user_id': '1120685221479739392', 'username': 'CachHayNhat'}]",,,,
1245646304304230401,1245646304304230401,1585820196000,2020-04-02,16:36:36,+07,710064166468341760,vietnamenglish,VnExpress,,Hanoi hospital releases 11 patients after Covid-19 recovery  https://bit.ly/2w6rPkiÂ ,[],['https://bit.ly/2w6rPki'],[],0,0,2,[],[],https://twitter.com/vietnamenglish/status/1245646304304230401,False,,0,,"21.006111,105.843056,20km",,,,,"[{'user_id': '710064166468341760', 'username': 'vietnamenglish'}]",,,,
1245642962601533441,1245642962601533441,1585819399000,2020-04-02,16:23:19,+07,2158122848,forseoerpro,For SEOer Pro,,Nhá»¯ng ai thá»±c sá»± nguy hiá»ƒm tÃ­nh máº¡ng trÆ°á»›c COVID-19  https://ift.tt/2JxWo5vÂ ,[],['https://ift.tt/2JxWo5v'],[],0,0,0,[],[],https://twitter.com/ForSEOerPro/status/1245642962601533441,False,,0,,"21.006111,105.843056,20km",,,,,"[{'user_id': '2158122848', 'username': 'ForSEOerPro'}]",,,,
1245641077735841800,1245641077735841800,1585818950000,2020-04-02,16:15:50,+07,860110305799438340,dtluc1,Äáº·ng Tháº¿ Lá»±c,,"Covid co veo em váº«n lÃªn hÃ¬nh Ä‘á»u Ä‘áº·n.
Iphone 11pro báº£n QT Sing ZP/A 64G, mÃ¡y máº§u Ä‘en Ä‘áº¹p xuáº¥t sáº¯c, sáº¡c má»›i cÃ³ 11 láº§n, cÃ²n bh chÃ­nh hÃ£ng Ä‘áº¿n 20 thÃ¡ng 12 nÄƒm 2020, cá»¥ nÃ o cáº§n alo em nhÃ©, ship táº­n chÃ¢n cÃ´ng trÃ¬nh luÃ´nâ€¦  https://www.instagram.com/p/B-eR1yYpaij/?igshid=11vqwuwz7m3ykÂ â€¦",[],['https://www.instagram.com/p/B-eR1yYpaij/?igshid=11vqwuwz7m3yk'],[],0,0,0,[],[],https://twitter.com/DTLuc1/status/1245641077735841800,False,,0,,"21.006111,105.843056,20km",,,,,"[{'user_id': '860110305799438340', 'username': 'DTLuc1'}]",,,,
1245639513537261568,1245639513537261568,1585818577000,2020-04-02,16:09:37,+07,917574143813459968,hanoitimes2,Hanoitimes,,"Vietnam earns highest public trust in gov't response to Covid-19 globally: Survey #Vietnam #Covid19 #coronavirus #ncov #pandemic #China #Italy #Japan #UK #UnitedStates #DaliaResearch
 http://hanoitimes.vn/vietnam-earns-highest-public-trust-in-government-response-to-covid-19-globally-survey-311602.htmlÂ â€¦ pic.twitter.com/0cMeR9ZtfL",[],['http://hanoitimes.vn/vietnam-earns-highest-public-trust-in-government-response-to-covid-19-globally-survey-311602.html'],['https://pbs.twimg.com/media/EUlmXWtUUAAeSs7.jpg'],0,0,1,"['#vietnam', '#covid19', '#coronavirus', '#ncov', '#pandemic', '#china', '#italy', '#japan', '#uk', '#unitedstates', '#daliaresearch']",[],https://twitter.com/Hanoitimes2/status/1245639513537261568,False,,0,,"21.006111,105.843056,20km",,,,,"[{'user_id': '917574143813459968', 'username': 'Hanoitimes2'}]",,,,
1245630221996290050,1245630221996290050,1585816362000,2020-04-02,15:32:42,+07,1798031,stevejacksonhn,Steve Jackson,,Is there a graph somewhere of people in Vietnam still suffering from COVID-19? Ie: cases minus recoveries. That might bring us a little more optimism than an always growing number of cases (albeit comparatively low),[],[],[],8,0,0,[],[],https://twitter.com/stevejacksonHN/status/1245630221996290050,False,,0,,"21.006111,105.843056,20km",,,,,"[{'user_id': '1798031', 'username': 'stevejacksonHN'}]",,,,
1245627933663703042,1245627933663703042,1585815816000,2020-04-02,15:23:36,+07,2818679250,nguyenkhc1,Nguyá»…n Kháº¯c Long,,"NÄƒm nay  covid-19 , vá»£ con thÃ nh tÃ¢m mua bÃ¡nh trÆ°ng, bÃ¡nh dáº§y tháº¯p hÆ°Æ¡ng táº¡i gia lá»… vá»ng cáº§u quá»‘c tá»• trÆ°á»ng tá»“n mÃ£i mÃ£i, cáº§u quá»‘c tá»• phÃ¹ há»™ cho quá»‘c thÃ¡i dÃ¢n an láº¡c vÃ  chiáº¿n tháº¯ng dá»‹ch covid19",[],[],[],0,0,0,[],[],https://twitter.com/Nguyenkhc1/status/1245627933663703042,False,,0,,"21.006111,105.843056,20km",,,,,"[{'user_id': '2818679250', 'username': 'Nguyenkhc1'}]",,,,
1245626633672724481,1245626633672724481,1585815506000,2020-04-02,15:18:26,+07,1240598887179497473,hoangvtong,Hoang Tong,,Detect COVID-19 in as Little as 5 Minutes  https://www.abbott.com/content/abbott/en-us/corpnewsroom/product-and-innovation/detect-covid-19-in-as-little-as-5-minutes.html#.XoWfycHaM_M.twitterÂ â€¦,[],['https://www.abbott.com/content/abbott/en-us/corpnewsroom/product-and-innovation/detect-covid-19-in-as-little-as-5-minutes.html#.XoWfycHaM_M.twitter'],[],0,0,0,[],[],https://twitter.com/HoangvTong/status/1245626633672724481,False,,0,,"21.006111,105.843056,20km",,,,,"[{'user_id': '1240598887179497473', 'username': 'HoangvTong'}]",,,,
1245625610430320640,1245625610430320640,1585815262000,2020-04-02,15:14:22,+07,1223822921493123073,huynhhoangquoc,hoangquochuynh.com,,LÃ m tháº¿ nÃ o Ä‘á»ƒ bá»©t phÃ¡ doanh thu mÃ¹a covid chá»‰ vá»›i nhá»¯ng thay Ä‘á»•i nhá» ?  https://hoangquochuynh.com/lam-the-nao-de-but-pha-doanh-thu-mua-covid-chi-voi-nhung-thay-doi-nho/Â â€¦ pic.twitter.com/yG6Yzt4o8R,[],['https://hoangquochuynh.com/lam-the-nao-de-but-pha-doanh-thu-mua-covid-chi-voi-nhung-thay-doi-nho/'],['https://pbs.twimg.com/media/EUlZ5CNU0AMfAyx.jpg'],0,0,0,[],[],https://twitter.com/Huynhhoangquoc/status/1245625610430320640,False,,0,,"21.006111,105.843056,20km",,,,,"[{'user_id': '1223822921493123073', 'username': 'Huynhhoangquoc'}]",,,,
1245620543094534146,1245620543094534146,1585814054000,2020-04-02,14:54:14,+07,1116574619203330048,thuy_amanda,Thuy Amanda,,"Ão phÃ´ng - cháº¥t - Ä‘áº¹p - dÃ¡ng xuÃ´ng 
#199k/ khi mua 2c trá»Ÿ LÃªn
# 215k/ chiáº¿c freeship toÃ n quá»‘c mÃ¹a  Ä‘áº¡i dá»‹ch covid 
Tá»« 5sp khÃ¡ch mua vá»›i giÃ¡ sá»‰ 
#Ã¡o_phÃ´ng_dÃ¡ng_rá»™ng
#Ã¡o_phÃ´ng_Ä‘áº¹p  https://www.instagram.com/p/B-eIgKChR0L/?igshid=xplk233g12m3Â â€¦",[],['https://www.instagram.com/p/B-eIgKChR0L/?igshid=xplk233g12m3'],[],0,0,0,"['#199k', '#Ã¡o_phÃ´ng_dÃ¡ng_rá»™ng', '#Ã¡o_phÃ´ng_Ä‘áº¹p']",[],https://twitter.com/thuy_amanda/status/1245620543094534146,False,,0,,"21.006111,105.843056,20km",,,,,"[{'user_id': '1116574619203330048', 'username': 'thuy_amanda'}]",,,,
1245615237958488069,1245615237958488069,1585812789000,2020-04-02,14:33:09,+07,27446733,tranthutrang,Tráº§n Thu Trang,,Tráº§n Thu Trang - ChÃ¹m truyá»‡n mini mÃ¹a CÃ´-Vy (Covid-19)  https://goo.gl/fb/agv9uhÂ ,[],['https://goo.gl/fb/agv9uh'],[],0,0,0,[],[],https://twitter.com/tranthutrang/status/1245615237958488069,False,,0,,"21.006111,105.843056,20km",,,,,"[{'user_id': '27446733', 'username': 'tranthutrang'}]",,,,
1245612655441674246,1245612655441674246,1585812174000,2020-04-02,14:22:54,+07,1961910733,shmilyvl,Äá»— Hoa,,NÄƒm con Covid thá»© 1 - Ä‘Ãªm giao thá»«a ğŸ¤£  pic.twitter.com/DBFoGKczHq,[],[],"['https://pbs.twimg.com/media/EUlOGfMUUAMfeid.jpg', 'https://pbs.twimg.com/media/EUlOGfqUcAIdpR6.jpg', 'https://pbs.twimg.com/media/EUlOGfuU8AARPZ9.jpg', 'https://pbs.twimg.com/media/EUlOGgJUMAIAZ-c.jpg']",0,0,0,[],[],https://twitter.com/ShmilyVl/status/1245612655441674246,False,,0,,"21.006111,105.843056,20km",,,,,"[{'user_id': '1961910733', 'username': 'ShmilyVl'}]",,,,
